Time [s],Channel 0
2025-04-05T16:16:39.456049900+00:00,1
2025-04-05T16:16:40.516004775+00:00,0
2025-04-05T16:16:40.519440650+00:00,1
2025-04-05T16:16:40.521233358+00:00,0
2025-04-05T16:16:40.521617400+00:00,1
2025-04-05T16:16:40.522101567+00:00,0
2025-04-05T16:16:40.522485650+00:00,1
2025-04-05T16:16:40.522969400+00:00,0
2025-04-05T16:16:40.523354067+00:00,1
2025-04-05T16:16:40.524710233+00:00,0
2025-04-05T16:16:40.525095150+00:00,1
2025-04-05T16:16:40.526450650+00:00,0
2025-04-05T16:16:40.526835942+00:00,1
2025-04-05T16:16:40.527319650+00:00,0
2025-04-05T16:16:40.527704442+00:00,1
2025-04-05T16:16:40.529059817+00:00,0
2025-04-05T16:16:40.529445025+00:00,1
2025-04-05T16:16:40.529929442+00:00,0
2025-04-05T16:16:40.530313817+00:00,1
2025-04-05T16:16:40.530798400+00:00,0
2025-04-05T16:16:40.531182358+00:00,1
2025-04-05T16:16:40.531665942+00:00,0
2025-04-05T16:16:40.532050900+00:00,1
2025-04-05T16:16:40.533406817+00:00,0
2025-04-05T16:16:40.533791525+00:00,1
2025-04-05T16:16:40.534274608+00:00,0
2025-04-05T16:16:40.534659733+00:00,1
2025-04-05T16:16:40.535142733+00:00,0
2025-04-05T16:16:40.535528442+00:00,1
2025-04-05T16:16:40.536884692+00:00,0
2025-04-05T16:16:40.537269608+00:00,1
2025-04-05T16:16:40.537753150+00:00,0
2025-04-05T16:16:40.538138275+00:00,1
2025-04-05T16:16:40.539494067+00:00,0
2025-04-05T16:16:40.539878817+00:00,1
2025-04-05T16:16:40.540363108+00:00,0
2025-04-05T16:16:40.540747233+00:00,1
2025-04-05T16:16:40.542104192+00:00,0
2025-04-05T16:16:40.542488233+00:00,1
2025-04-05T16:16:40.542971567+00:00,0
2025-04-05T16:16:40.543356692+00:00,1
2025-04-05T16:16:40.543840733+00:00,0
2025-04-05T16:16:40.544225192+00:00,1
2025-04-05T16:16:40.545581275+00:00,0
2025-04-05T16:16:40.545966067+00:00,1
2025-04-05T16:16:40.547321400+00:00,0
2025-04-05T16:16:40.547707275+00:00,1
2025-04-05T16:16:40.549063442+00:00,0
2025-04-05T16:16:40.549448275+00:00,1
2025-04-05T16:16:40.549933442+00:00,0
2025-04-05T16:16:40.550316733+00:00,1
2025-04-05T16:16:40.550801233+00:00,0
2025-04-05T16:16:40.551185317+00:00,1
2025-04-05T16:16:40.552541983+00:00,0
2025-04-05T16:16:40.552926733+00:00,1
2025-04-05T16:16:40.553411817+00:00,0
2025-04-05T16:16:40.553795400+00:00,1
2025-04-05T16:16:40.554279817+00:00,0
2025-04-05T16:16:40.554664233+00:00,1
2025-04-05T16:16:40.555148067+00:00,0
2025-04-05T16:16:40.555532817+00:00,1
2025-04-05T16:16:40.556889150+00:00,0
2025-04-05T16:16:40.557274067+00:00,1
2025-04-05T16:16:40.557757983+00:00,0
2025-04-05T16:16:40.558142483+00:00,1
2025-04-05T16:16:40.558626733+00:00,0
2025-04-05T16:16:40.559011067+00:00,1
2025-04-05T16:16:40.560367817+00:00,0
2025-04-05T16:16:40.560752275+00:00,1
2025-04-05T16:16:40.561236567+00:00,0
2025-04-05T16:16:40.561620817+00:00,1
2025-04-05T16:16:40.562104650+00:00,0
2025-04-05T16:16:40.562489108+00:00,1
2025-04-05T16:16:40.562974233+00:00,0
2025-04-05T16:16:40.563357942+00:00,1
2025-04-05T16:16:40.564714400+00:00,0
2025-04-05T16:16:40.565099442+00:00,1
2025-04-05T16:16:40.565584275+00:00,0
2025-04-05T16:16:40.565967858+00:00,1
2025-04-05T16:16:40.567323317+00:00,0
2025-04-05T16:16:40.567708900+00:00,1
2025-04-05T16:16:40.568193900+00:00,0
2025-04-05T16:16:40.568577567+00:00,1
2025-04-05T16:16:40.569933358+00:00,0
2025-04-05T16:16:40.570318275+00:00,1
2025-04-05T16:16:40.645335150+00:00,0
2025-04-05T16:16:40.648770942+00:00,1
2025-04-05T16:16:40.650563233+00:00,0
2025-04-05T16:16:40.650947692+00:00,1
2025-04-05T16:16:40.651432400+00:00,0
2025-04-05T16:16:40.651816400+00:00,1
2025-04-05T16:16:40.652300442+00:00,0
2025-04-05T16:16:40.652684858+00:00,1
2025-04-05T16:16:40.654042192+00:00,0
2025-04-05T16:16:40.654426150+00:00,1
2025-04-05T16:16:40.655783192+00:00,0
2025-04-05T16:16:40.656166942+00:00,1
2025-04-05T16:16:40.656650692+00:00,0
2025-04-05T16:16:40.657035275+00:00,1
2025-04-05T16:16:40.658391650+00:00,0
2025-04-05T16:16:40.658776483+00:00,1
2025-04-05T16:16:40.659263525+00:00,0
2025-04-05T16:16:40.659644942+00:00,1
2025-04-05T16:16:40.660129358+00:00,0
2025-04-05T16:16:40.660513692+00:00,1
2025-04-05T16:16:40.660997858+00:00,0
2025-04-05T16:16:40.661404858+00:00,1
2025-04-05T16:16:40.662739192+00:00,0
2025-04-05T16:16:40.663122775+00:00,1
2025-04-05T16:16:40.663607900+00:00,0
2025-04-05T16:16:40.663991150+00:00,1
2025-04-05T16:16:40.664475358+00:00,0
2025-04-05T16:16:40.664859692+00:00,1
2025-04-05T16:16:40.666215775+00:00,0
2025-04-05T16:16:40.666600567+00:00,1
2025-04-05T16:16:40.667085108+00:00,0
2025-04-05T16:16:40.667469025+00:00,1
2025-04-05T16:16:40.668825525+00:00,0
2025-04-05T16:16:40.669210108+00:00,1
2025-04-05T16:16:40.669695608+00:00,0
2025-04-05T16:16:40.670078608+00:00,1
2025-04-05T16:16:40.671434608+00:00,0
2025-04-05T16:16:40.671819483+00:00,1
2025-04-05T16:16:40.672304400+00:00,0
2025-04-05T16:16:40.672687900+00:00,1
2025-04-05T16:16:40.673171525+00:00,0
2025-04-05T16:16:40.673556442+00:00,1
2025-04-05T16:16:40.674912900+00:00,0
2025-04-05T16:16:40.675297442+00:00,1
2025-04-05T16:16:40.676653983+00:00,0
2025-04-05T16:16:40.677038358+00:00,1
2025-04-05T16:16:40.678393692+00:00,0
2025-04-05T16:16:40.678779067+00:00,1
2025-04-05T16:16:40.679264275+00:00,0
2025-04-05T16:16:40.679647608+00:00,1
2025-04-05T16:16:40.680132233+00:00,0
2025-04-05T16:16:40.680516525+00:00,1
2025-04-05T16:16:40.681872317+00:00,0
2025-04-05T16:16:40.682257442+00:00,1
2025-04-05T16:16:40.682742650+00:00,0
2025-04-05T16:16:40.683125983+00:00,1
2025-04-05T16:16:40.683610608+00:00,0
2025-04-05T16:16:40.683994233+00:00,1
2025-04-05T16:16:40.684478692+00:00,0
2025-04-05T16:16:40.684862942+00:00,1
2025-04-05T16:16:40.686219692+00:00,0
2025-04-05T16:16:40.686604067+00:00,1
2025-04-05T16:16:40.687088317+00:00,0
2025-04-05T16:16:40.687472858+00:00,1
2025-04-05T16:16:40.687956858+00:00,0
2025-04-05T16:16:40.688341233+00:00,1
2025-04-05T16:16:40.689697108+00:00,0
2025-04-05T16:16:40.690081817+00:00,1
2025-04-05T16:16:40.690567317+00:00,0
2025-04-05T16:16:40.690950483+00:00,1
2025-04-05T16:16:40.691435525+00:00,0
2025-04-05T16:16:40.691818942+00:00,1
2025-04-05T16:16:40.692303942+00:00,0
2025-04-05T16:16:40.692687525+00:00,1
2025-04-05T16:16:40.694043192+00:00,0
2025-04-05T16:16:40.694428317+00:00,1
2025-04-05T16:16:40.694913733+00:00,0
2025-04-05T16:16:40.695296692+00:00,1
2025-04-05T16:16:40.696653233+00:00,0
2025-04-05T16:16:40.697037525+00:00,1
2025-04-05T16:16:40.697520983+00:00,0
2025-04-05T16:16:40.697906192+00:00,1
2025-04-05T16:16:40.699262608+00:00,0
2025-04-05T16:16:40.699647067+00:00,1
2025-04-05T16:16:40.774657525+00:00,0
2025-04-05T16:16:40.778092025+00:00,1
2025-04-05T16:16:40.779884317+00:00,0
2025-04-05T16:16:40.780269233+00:00,1
2025-04-05T16:16:40.780753733+00:00,0
2025-04-05T16:16:40.781137733+00:00,1
2025-04-05T16:16:40.781621650+00:00,0
2025-04-05T16:16:40.782006025+00:00,1
2025-04-05T16:16:40.783362025+00:00,0
2025-04-05T16:16:40.783747233+00:00,1
2025-04-05T16:16:40.785102275+00:00,0
2025-04-05T16:16:40.785487692+00:00,1
2025-04-05T16:16:40.785971817+00:00,0
2025-04-05T16:16:40.786355983+00:00,1
2025-04-05T16:16:40.787712733+00:00,0
2025-04-05T16:16:40.788097150+00:00,1
2025-04-05T16:16:40.788580983+00:00,0
2025-04-05T16:16:40.788965567+00:00,1
2025-04-05T16:16:40.789450192+00:00,0
2025-04-05T16:16:40.789833983+00:00,1
2025-04-05T16:16:40.790319025+00:00,0
2025-04-05T16:16:40.790702400+00:00,1
2025-04-05T16:16:40.792058817+00:00,0
2025-04-05T16:16:40.792443358+00:00,1
2025-04-05T16:16:40.792927692+00:00,0
2025-04-05T16:16:40.793311900+00:00,1
2025-04-05T16:16:40.793795983+00:00,0
2025-04-05T16:16:40.794180483+00:00,1
2025-04-05T16:16:40.795537442+00:00,0
2025-04-05T16:16:40.795921025+00:00,1
2025-04-05T16:16:40.796405233+00:00,0
2025-04-05T16:16:40.796789525+00:00,1
2025-04-05T16:16:40.798145733+00:00,0
2025-04-05T16:16:40.798530733+00:00,1
2025-04-05T16:16:40.799015317+00:00,0
2025-04-05T16:16:40.799398983+00:00,1
2025-04-05T16:16:40.800754983+00:00,0
2025-04-05T16:16:40.801139358+00:00,1
2025-04-05T16:16:40.801623567+00:00,0
2025-04-05T16:16:40.802008067+00:00,1
2025-04-05T16:16:40.802493192+00:00,0
2025-04-05T16:16:40.802876692+00:00,1
2025-04-05T16:16:40.804232608+00:00,0
2025-04-05T16:16:40.804617775+00:00,1
2025-04-05T16:16:40.805974067+00:00,0
2025-04-05T16:16:40.806358567+00:00,1
2025-04-05T16:16:40.807714567+00:00,0
2025-04-05T16:16:40.808099442+00:00,1
2025-04-05T16:16:40.808582608+00:00,0
2025-04-05T16:16:40.808967858+00:00,1
2025-04-05T16:16:40.809452067+00:00,0
2025-04-05T16:16:40.809836483+00:00,1
2025-04-05T16:16:40.811192233+00:00,0
2025-04-05T16:16:40.811577275+00:00,1
2025-04-05T16:16:40.812061442+00:00,0
2025-04-05T16:16:40.812445650+00:00,1
2025-04-05T16:16:40.812929817+00:00,0
2025-04-05T16:16:40.813314233+00:00,1
2025-04-05T16:16:40.813799358+00:00,0
2025-04-05T16:16:40.814182858+00:00,1
2025-04-05T16:16:40.815538608+00:00,0
2025-04-05T16:16:40.815923775+00:00,1
2025-04-05T16:16:40.816407358+00:00,0
2025-04-05T16:16:40.816792108+00:00,1
2025-04-05T16:16:40.817277442+00:00,0
2025-04-05T16:16:40.817660400+00:00,1
2025-04-05T16:16:40.819016942+00:00,0
2025-04-05T16:16:40.819401608+00:00,1
2025-04-05T16:16:40.819886108+00:00,0
2025-04-05T16:16:40.820270150+00:00,1
2025-04-05T16:16:40.820754233+00:00,0
2025-04-05T16:16:40.821138608+00:00,1
2025-04-05T16:16:40.821622817+00:00,0
2025-04-05T16:16:40.822006942+00:00,1
2025-04-05T16:16:40.823363233+00:00,0
2025-04-05T16:16:40.823747817+00:00,1
2025-04-05T16:16:40.824232442+00:00,0
2025-04-05T16:16:40.824616483+00:00,1
2025-04-05T16:16:40.825972567+00:00,0
2025-04-05T16:16:40.826357567+00:00,1
2025-04-05T16:16:40.826842192+00:00,0
2025-04-05T16:16:40.827225942+00:00,1
2025-04-05T16:16:40.828581525+00:00,0
2025-04-05T16:16:40.828966317+00:00,1
2025-04-05T16:16:40.903975442+00:00,0
2025-04-05T16:16:40.907433817+00:00,1
2025-04-05T16:16:40.909200692+00:00,0
2025-04-05T16:16:40.909610858+00:00,1
2025-04-05T16:16:40.910069858+00:00,0
2025-04-05T16:16:40.910479358+00:00,1
2025-04-05T16:16:40.910938942+00:00,0
2025-04-05T16:16:40.911347692+00:00,1
2025-04-05T16:16:40.912678525+00:00,0
2025-04-05T16:16:40.913088567+00:00,1
2025-04-05T16:16:40.914420483+00:00,0
2025-04-05T16:16:40.914829567+00:00,1
2025-04-05T16:16:40.915289483+00:00,0
2025-04-05T16:16:40.915697900+00:00,1
2025-04-05T16:16:40.917027942+00:00,0
2025-04-05T16:16:40.917438442+00:00,1
2025-04-05T16:16:40.917897025+00:00,0
2025-04-05T16:16:40.918307025+00:00,1
2025-04-05T16:16:40.918766858+00:00,0
2025-04-05T16:16:40.919175483+00:00,1
2025-04-05T16:16:40.919635900+00:00,0
2025-04-05T16:16:40.920044233+00:00,1
2025-04-05T16:16:40.921375483+00:00,0
2025-04-05T16:16:40.921785317+00:00,1
2025-04-05T16:16:40.922244483+00:00,0
2025-04-05T16:16:40.922653650+00:00,1
2025-04-05T16:16:40.923112942+00:00,0
2025-04-05T16:16:40.923522067+00:00,1
2025-04-05T16:16:40.924854567+00:00,0
2025-04-05T16:16:40.925263275+00:00,1
2025-04-05T16:16:40.925723650+00:00,0
2025-04-05T16:16:40.926131900+00:00,1
2025-04-05T16:16:40.927463650+00:00,0
2025-04-05T16:16:40.927872817+00:00,1
2025-04-05T16:16:40.928332858+00:00,0
2025-04-05T16:16:40.928741400+00:00,1
2025-04-05T16:16:40.930073650+00:00,0
2025-04-05T16:16:40.930482650+00:00,1
2025-04-05T16:16:40.930940983+00:00,0
2025-04-05T16:16:40.931351400+00:00,1
2025-04-05T16:16:40.931810942+00:00,0
2025-04-05T16:16:40.932292650+00:00,1
2025-04-05T16:16:40.933551983+00:00,0
2025-04-05T16:16:40.933960817+00:00,1
2025-04-05T16:16:40.935292858+00:00,0
2025-04-05T16:16:40.935701900+00:00,1
2025-04-05T16:16:40.937033233+00:00,0
2025-04-05T16:16:40.937442900+00:00,1
2025-04-05T16:16:40.937901650+00:00,0
2025-04-05T16:16:40.938383442+00:00,1
2025-04-05T16:16:40.938770942+00:00,0
2025-04-05T16:16:40.939179483+00:00,1
2025-04-05T16:16:40.940511442+00:00,0
2025-04-05T16:16:40.940991358+00:00,1
2025-04-05T16:16:40.941381358+00:00,0
2025-04-05T16:16:40.941789192+00:00,1
2025-04-05T16:16:40.942250233+00:00,0
2025-04-05T16:16:40.942729067+00:00,1
2025-04-05T16:16:40.943117150+00:00,0
2025-04-05T16:16:40.943597900+00:00,1
2025-04-05T16:16:40.944857108+00:00,0
2025-04-05T16:16:40.945336900+00:00,1
2025-04-05T16:16:40.945725650+00:00,0
2025-04-05T16:16:40.946204942+00:00,1
2025-04-05T16:16:40.946595275+00:00,0
2025-04-05T16:16:40.947003942+00:00,1
2025-04-05T16:16:40.948334858+00:00,0
2025-04-05T16:16:40.948816525+00:00,1
2025-04-05T16:16:40.949204525+00:00,0
2025-04-05T16:16:40.949683525+00:00,1
2025-04-05T16:16:40.950072733+00:00,0
2025-04-05T16:16:40.950481400+00:00,1
2025-04-05T16:16:40.950940067+00:00,0
2025-04-05T16:16:40.951424900+00:00,1
2025-04-05T16:16:40.952680650+00:00,0
2025-04-05T16:16:40.953164692+00:00,1
2025-04-05T16:16:40.953550775+00:00,0
2025-04-05T16:16:40.953959233+00:00,1
2025-04-05T16:16:40.955291150+00:00,0
2025-04-05T16:16:40.955774900+00:00,1
2025-04-05T16:16:40.956158900+00:00,0
2025-04-05T16:16:40.956641358+00:00,1
2025-04-05T16:16:40.957899858+00:00,0
2025-04-05T16:16:40.958308983+00:00,1
2025-04-05T16:16:41.033287233+00:00,0
2025-04-05T16:16:41.036747025+00:00,1
2025-04-05T16:16:41.038515483+00:00,0
2025-04-05T16:16:41.038923525+00:00,1
2025-04-05T16:16:41.039385400+00:00,0
2025-04-05T16:16:41.039791858+00:00,1
2025-04-05T16:16:41.040252983+00:00,0
2025-04-05T16:16:41.040660067+00:00,1
2025-04-05T16:16:41.041993317+00:00,0
2025-04-05T16:16:41.042401025+00:00,1
2025-04-05T16:16:41.043733775+00:00,0
2025-04-05T16:16:41.044141567+00:00,1
2025-04-05T16:16:41.044601817+00:00,0
2025-04-05T16:16:41.045009692+00:00,1
2025-04-05T16:16:41.046342275+00:00,0
2025-04-05T16:16:41.046750192+00:00,1
2025-04-05T16:16:41.047211442+00:00,0
2025-04-05T16:16:41.047618525+00:00,1
2025-04-05T16:16:41.048079567+00:00,0
2025-04-05T16:16:41.048486858+00:00,1
2025-04-05T16:16:41.048947858+00:00,0
2025-04-05T16:16:41.049355025+00:00,1
2025-04-05T16:16:41.050687400+00:00,0
2025-04-05T16:16:41.051094983+00:00,1
2025-04-05T16:16:41.051557650+00:00,0
2025-04-05T16:16:41.051963608+00:00,1
2025-04-05T16:16:41.052423442+00:00,0
2025-04-05T16:16:41.052832275+00:00,1
2025-04-05T16:16:41.054165567+00:00,0
2025-04-05T16:16:41.054572900+00:00,1
2025-04-05T16:16:41.055033442+00:00,0
2025-04-05T16:16:41.055441400+00:00,1
2025-04-05T16:16:41.056774233+00:00,0
2025-04-05T16:16:41.057159233+00:00,1
2025-04-05T16:16:41.057643692+00:00,0
2025-04-05T16:16:41.058027650+00:00,1
2025-04-05T16:16:41.059384817+00:00,0
2025-04-05T16:16:41.059768692+00:00,1
2025-04-05T16:16:41.060253483+00:00,0
2025-04-05T16:16:41.060637358+00:00,1
2025-04-05T16:16:41.061121983+00:00,0
2025-04-05T16:16:41.061505817+00:00,1
2025-04-05T16:16:41.062861942+00:00,0
2025-04-05T16:16:41.063269817+00:00,1
2025-04-05T16:16:41.064603483+00:00,0
2025-04-05T16:16:41.064987483+00:00,1
2025-04-05T16:16:41.066343567+00:00,0
2025-04-05T16:16:41.066751108+00:00,1
2025-04-05T16:16:41.067212983+00:00,0
2025-04-05T16:16:41.067596483+00:00,1
2025-04-05T16:16:41.068081400+00:00,0
2025-04-05T16:16:41.068464775+00:00,1
2025-04-05T16:16:41.069820775+00:00,0
2025-04-05T16:16:41.070228233+00:00,1
2025-04-05T16:16:41.070689942+00:00,0
2025-04-05T16:16:41.071073650+00:00,1
2025-04-05T16:16:41.071559233+00:00,0
2025-04-05T16:16:41.071942192+00:00,1
2025-04-05T16:16:41.072425858+00:00,0
2025-04-05T16:16:41.072810483+00:00,1
2025-04-05T16:16:41.074166650+00:00,0
2025-04-05T16:16:41.074551067+00:00,1
2025-04-05T16:16:41.075034650+00:00,0
2025-04-05T16:16:41.075419442+00:00,1
2025-04-05T16:16:41.075904900+00:00,0
2025-04-05T16:16:41.076287900+00:00,1
2025-04-05T16:16:41.077644025+00:00,0
2025-04-05T16:16:41.078028442+00:00,1
2025-04-05T16:16:41.078512233+00:00,0
2025-04-05T16:16:41.078896733+00:00,1
2025-04-05T16:16:41.079380733+00:00,0
2025-04-05T16:16:41.079764858+00:00,1
2025-04-05T16:16:41.080248983+00:00,0
2025-04-05T16:16:41.080633608+00:00,1
2025-04-05T16:16:41.081989150+00:00,0
2025-04-05T16:16:41.082374525+00:00,1
2025-04-05T16:16:41.082858525+00:00,0
2025-04-05T16:16:41.083242567+00:00,1
2025-04-05T16:16:41.084597608+00:00,0
2025-04-05T16:16:41.084983275+00:00,1
2025-04-05T16:16:41.085467400+00:00,0
2025-04-05T16:16:41.085851525+00:00,1
2025-04-05T16:16:41.087207150+00:00,0
2025-04-05T16:16:41.087592400+00:00,1
2025-04-05T16:16:41.162602275+00:00,0
2025-04-05T16:16:41.166037150+00:00,1
2025-04-05T16:16:41.167828650+00:00,0
2025-04-05T16:16:41.168213567+00:00,1
2025-04-05T16:16:41.168697942+00:00,0
2025-04-05T16:16:41.169082150+00:00,1
2025-04-05T16:16:41.169566817+00:00,0
2025-04-05T16:16:41.169950650+00:00,1
2025-04-05T16:16:41.171307275+00:00,0
2025-04-05T16:16:41.171691692+00:00,1
2025-04-05T16:16:41.173047608+00:00,0
2025-04-05T16:16:41.173432817+00:00,1
2025-04-05T16:16:41.173916233+00:00,0
2025-04-05T16:16:41.174300942+00:00,1
2025-04-05T16:16:41.175656900+00:00,0
2025-04-05T16:16:41.176041775+00:00,1
2025-04-05T16:16:41.176526442+00:00,0
2025-04-05T16:16:41.176910275+00:00,1
2025-04-05T16:16:41.177394608+00:00,0
2025-04-05T16:16:41.177778567+00:00,1
2025-04-05T16:16:41.178263233+00:00,0
2025-04-05T16:16:41.178647067+00:00,1
2025-04-05T16:16:41.180003650+00:00,0
2025-04-05T16:16:41.180387858+00:00,1
2025-04-05T16:16:41.180871358+00:00,0
2025-04-05T16:16:41.181256400+00:00,1
2025-04-05T16:16:41.181740858+00:00,0
2025-04-05T16:16:41.182124858+00:00,1
2025-04-05T16:16:41.183480442+00:00,0
2025-04-05T16:16:41.183865317+00:00,1
2025-04-05T16:16:41.184349650+00:00,0
2025-04-05T16:16:41.184733733+00:00,1
2025-04-05T16:16:41.186089733+00:00,0
2025-04-05T16:16:41.186474650+00:00,1
2025-04-05T16:16:41.186958775+00:00,0
2025-04-05T16:16:41.187343275+00:00,1
2025-04-05T16:16:41.188698858+00:00,0
2025-04-05T16:16:41.189084025+00:00,1
2025-04-05T16:16:41.189569233+00:00,0
2025-04-05T16:16:41.189952608+00:00,1
2025-04-05T16:16:41.190437192+00:00,0
2025-04-05T16:16:41.190820900+00:00,1
2025-04-05T16:16:41.192177150+00:00,0
2025-04-05T16:16:41.192561817+00:00,1
2025-04-05T16:16:41.193917483+00:00,0
2025-04-05T16:16:41.194302775+00:00,1
2025-04-05T16:16:41.195657775+00:00,0
2025-04-05T16:16:41.196043358+00:00,1
2025-04-05T16:16:41.196527942+00:00,0
2025-04-05T16:16:41.196911775+00:00,1
2025-04-05T16:16:41.197395650+00:00,0
2025-04-05T16:16:41.197780358+00:00,1
2025-04-05T16:16:41.199135608+00:00,0
2025-04-05T16:16:41.199521233+00:00,1
2025-04-05T16:16:41.200005025+00:00,0
2025-04-05T16:16:41.200389608+00:00,1
2025-04-05T16:16:41.200873733+00:00,0
2025-04-05T16:16:41.201257525+00:00,1
2025-04-05T16:16:41.201742233+00:00,0
2025-04-05T16:16:41.202126400+00:00,1
2025-04-05T16:16:41.203481983+00:00,0
2025-04-05T16:16:41.203867067+00:00,1
2025-04-05T16:16:41.204351067+00:00,0
2025-04-05T16:16:41.204735400+00:00,1
2025-04-05T16:16:41.205219733+00:00,0
2025-04-05T16:16:41.205604108+00:00,1
2025-04-05T16:16:41.206960108+00:00,0
2025-04-05T16:16:41.207345150+00:00,1
2025-04-05T16:16:41.207828567+00:00,0
2025-04-05T16:16:41.208213567+00:00,1
2025-04-05T16:16:41.208698150+00:00,0
2025-04-05T16:16:41.209082108+00:00,1
2025-04-05T16:16:41.209566275+00:00,0
2025-04-05T16:16:41.209950858+00:00,1
2025-04-05T16:16:41.211305983+00:00,0
2025-04-05T16:16:41.211691692+00:00,1
2025-04-05T16:16:41.212175983+00:00,0
2025-04-05T16:16:41.212560150+00:00,1
2025-04-05T16:16:41.213916025+00:00,0
2025-04-05T16:16:41.214300983+00:00,1
2025-04-05T16:16:41.214784942+00:00,0
2025-04-05T16:16:41.215169483+00:00,1
2025-04-05T16:16:41.216524900+00:00,0
2025-04-05T16:16:41.216910192+00:00,1
2025-04-05T16:16:41.291915692+00:00,0
2025-04-05T16:16:41.295350900+00:00,1
2025-04-05T16:16:41.297142983+00:00,0
2025-04-05T16:16:41.297527775+00:00,1
2025-04-05T16:16:41.298012900+00:00,0
2025-04-05T16:16:41.298396233+00:00,1
2025-04-05T16:16:41.298881525+00:00,0
2025-04-05T16:16:41.299264525+00:00,1
2025-04-05T16:16:41.300621150+00:00,0
2025-04-05T16:16:41.301005192+00:00,1
2025-04-05T16:16:41.302361192+00:00,0
2025-04-05T16:16:41.302745733+00:00,1
2025-04-05T16:16:41.303229983+00:00,0
2025-04-05T16:16:41.303614067+00:00,1
2025-04-05T16:16:41.304970567+00:00,0
2025-04-05T16:16:41.305355192+00:00,1
2025-04-05T16:16:41.305839483+00:00,0
2025-04-05T16:16:41.306223650+00:00,1
2025-04-05T16:16:41.306708733+00:00,0
2025-04-05T16:16:41.307092025+00:00,1
2025-04-05T16:16:41.307576775+00:00,0
2025-04-05T16:16:41.307960358+00:00,1
2025-04-05T16:16:41.309316775+00:00,0
2025-04-05T16:16:41.309701358+00:00,1
2025-04-05T16:16:41.310185942+00:00,0
2025-04-05T16:16:41.310569775+00:00,1
2025-04-05T16:16:41.311054108+00:00,0
2025-04-05T16:16:41.311438067+00:00,1
2025-04-05T16:16:41.312793817+00:00,0
2025-04-05T16:16:41.313178483+00:00,1
2025-04-05T16:16:41.313662858+00:00,0
2025-04-05T16:16:41.314047025+00:00,1
2025-04-05T16:16:41.315403775+00:00,0
2025-04-05T16:16:41.315787858+00:00,1
2025-04-05T16:16:41.316272275+00:00,0
2025-04-05T16:16:41.316656150+00:00,1
2025-04-05T16:16:41.318012442+00:00,0
2025-04-05T16:16:41.318396733+00:00,1
2025-04-05T16:16:41.318879900+00:00,0
2025-04-05T16:16:41.319265150+00:00,1
2025-04-05T16:16:41.319749608+00:00,0
2025-04-05T16:16:41.320133650+00:00,1
2025-04-05T16:16:41.321488775+00:00,0
2025-04-05T16:16:41.321874358+00:00,1
2025-04-05T16:16:41.323231400+00:00,0
2025-04-05T16:16:41.323615442+00:00,1
2025-04-05T16:16:41.324971775+00:00,0
2025-04-05T16:16:41.325356608+00:00,1
2025-04-05T16:16:41.325839650+00:00,0
2025-04-05T16:16:41.326225067+00:00,1
2025-04-05T16:16:41.326709608+00:00,0
2025-04-05T16:16:41.327093483+00:00,1
2025-04-05T16:16:41.328449233+00:00,0
2025-04-05T16:16:41.328834025+00:00,1
2025-04-05T16:16:41.329317483+00:00,0
2025-04-05T16:16:41.329702317+00:00,1
2025-04-05T16:16:41.330187483+00:00,0
2025-04-05T16:16:41.330570775+00:00,1
2025-04-05T16:16:41.331054108+00:00,0
2025-04-05T16:16:41.331439233+00:00,1
2025-04-05T16:16:41.332795775+00:00,0
2025-04-05T16:16:41.333180233+00:00,1
2025-04-05T16:16:41.333664067+00:00,0
2025-04-05T16:16:41.334048525+00:00,1
2025-04-05T16:16:41.334532775+00:00,0
2025-04-05T16:16:41.334916733+00:00,1
2025-04-05T16:16:41.336272442+00:00,0
2025-04-05T16:16:41.336657650+00:00,1
2025-04-05T16:16:41.337142275+00:00,0
2025-04-05T16:16:41.337526192+00:00,1
2025-04-05T16:16:41.338009900+00:00,0
2025-04-05T16:16:41.338394650+00:00,1
2025-04-05T16:16:41.338878608+00:00,0
2025-04-05T16:16:41.339263067+00:00,1
2025-04-05T16:16:41.340619233+00:00,0
2025-04-05T16:16:41.341004025+00:00,1
2025-04-05T16:16:41.341488650+00:00,0
2025-04-05T16:16:41.341872358+00:00,1
2025-04-05T16:16:41.343228525+00:00,0
2025-04-05T16:16:41.343613483+00:00,1
2025-04-05T16:16:41.344098358+00:00,0
2025-04-05T16:16:41.344481650+00:00,1
2025-04-05T16:16:41.345836775+00:00,0
2025-04-05T16:16:41.346221983+00:00,1
2025-04-05T16:16:41.421229067+00:00,0
2025-04-05T16:16:41.424662858+00:00,1
2025-04-05T16:16:41.426455108+00:00,0
2025-04-05T16:16:41.426839983+00:00,1
2025-04-05T16:16:41.427324900+00:00,0
2025-04-05T16:16:41.427708442+00:00,1
2025-04-05T16:16:41.428193233+00:00,0
2025-04-05T16:16:41.428577108+00:00,1
2025-04-05T16:16:41.429933483+00:00,0
2025-04-05T16:16:41.430318067+00:00,1
2025-04-05T16:16:41.431673067+00:00,0
2025-04-05T16:16:41.432059150+00:00,1
2025-04-05T16:16:41.432543400+00:00,0
2025-04-05T16:16:41.432927442+00:00,1
2025-04-05T16:16:41.434282567+00:00,0
2025-04-05T16:16:41.434668108+00:00,1
2025-04-05T16:16:41.435151983+00:00,0
2025-04-05T16:16:41.435536817+00:00,1
2025-04-05T16:16:41.436020358+00:00,0
2025-04-05T16:16:41.436405150+00:00,1
2025-04-05T16:16:41.436888650+00:00,0
2025-04-05T16:16:41.437273817+00:00,1
2025-04-05T16:16:41.438629567+00:00,0
2025-04-05T16:16:41.439014567+00:00,1
2025-04-05T16:16:41.439498567+00:00,0
2025-04-05T16:16:41.439882900+00:00,1
2025-04-05T16:16:41.440367067+00:00,0
2025-04-05T16:16:41.440751400+00:00,1
2025-04-05T16:16:41.442107733+00:00,0
2025-04-05T16:16:41.442492358+00:00,1
2025-04-05T16:16:41.442976025+00:00,0
2025-04-05T16:16:41.443360900+00:00,1
2025-04-05T16:16:41.444715983+00:00,0
2025-04-05T16:16:41.445101775+00:00,1
2025-04-05T16:16:41.445586400+00:00,0
2025-04-05T16:16:41.445970233+00:00,1
2025-04-05T16:16:41.447325442+00:00,0
2025-04-05T16:16:41.447711483+00:00,1
2025-04-05T16:16:41.448194567+00:00,0
2025-04-05T16:16:41.448579817+00:00,1
2025-04-05T16:16:41.449063900+00:00,0
2025-04-05T16:16:41.449448233+00:00,1
2025-04-05T16:16:41.450803900+00:00,0
2025-04-05T16:16:41.451189192+00:00,1
2025-04-05T16:16:41.452544817+00:00,0
2025-04-05T16:16:41.452930150+00:00,1
2025-04-05T16:16:41.454284733+00:00,0
2025-04-05T16:16:41.454670900+00:00,1
2025-04-05T16:16:41.455154733+00:00,0
2025-04-05T16:16:41.455539317+00:00,1
2025-04-05T16:16:41.456023275+00:00,0
2025-04-05T16:16:41.456407775+00:00,1
2025-04-05T16:16:41.457763275+00:00,0
2025-04-05T16:16:41.458148692+00:00,1
2025-04-05T16:16:41.458633567+00:00,0
2025-04-05T16:16:41.459017775+00:00,1
2025-04-05T16:16:41.459501733+00:00,0
2025-04-05T16:16:41.459886900+00:00,1
2025-04-05T16:16:41.460372400+00:00,0
2025-04-05T16:16:41.460755817+00:00,1
2025-04-05T16:16:41.462111317+00:00,0
2025-04-05T16:16:41.462496942+00:00,1
2025-04-05T16:16:41.462980983+00:00,0
2025-04-05T16:16:41.463366150+00:00,1
2025-04-05T16:16:41.463850358+00:00,0
2025-04-05T16:16:41.464235108+00:00,1
2025-04-05T16:16:41.465591608+00:00,0
2025-04-05T16:16:41.465976608+00:00,1
2025-04-05T16:16:41.466460025+00:00,0
2025-04-05T16:16:41.466845525+00:00,1
2025-04-05T16:16:41.467329650+00:00,0
2025-04-05T16:16:41.467714567+00:00,1
2025-04-05T16:16:41.468198942+00:00,0
2025-04-05T16:16:41.468583525+00:00,1
2025-04-05T16:16:41.469939692+00:00,0
2025-04-05T16:16:41.470325150+00:00,1
2025-04-05T16:16:41.470809567+00:00,0
2025-04-05T16:16:41.471194108+00:00,1
2025-04-05T16:16:41.472550650+00:00,0
2025-04-05T16:16:41.472935400+00:00,1
2025-04-05T16:16:41.473419275+00:00,0
2025-04-05T16:16:41.473804150+00:00,1
2025-04-05T16:16:41.475160608+00:00,0
2025-04-05T16:16:41.475545192+00:00,1
2025-04-05T16:16:41.781383233+00:00,1
